Data,Otwarcie,Najwyzszy,Najnizszy,Zamkniecie,Wolumen
2018-03-22,2313.07,2329.54,2266.96,2274.1,28591145
2018-03-23,2254.88,2265.16,2230.87,2257.22,22170863
2018-03-26,2260.83,2270.45,2238.74,2240.65,16786155
2018-03-27,2258.98,2283.33,2246.32,2246.32,19027476
2018-03-28,2238.85,2238.85,2192.91,2203.7,28633261
2018-03-29,2215.94,2227.06,2210.26,2210.38,17310444
2018-04-03,2211.17,2249.4,2199.53,2239.15,18921365
2018-04-04,2238.25,2238.25,2197.99,2200.99,20729188
2018-04-05,2222.86,2247.25,2222.86,2243.58,16919528
2018-04-06,2244.33,2268.22,2231.61,2258.8,16916600
2018-04-09,2261.72,2288.2,2248.23,2262.16,23026883
2018-04-10,2280.21,2287.35,2253.65,2274.81,30394054
2018-04-11,2274.22,2287.53,2254.2,2271.93,25202177
2018-04-12,2270.78,2310.67,2267.99,2306.44,21914999
2018-04-13,2310.75,2321.97,2304.72,2310.32,18521659
2018-04-16,2311.13,2313.96,2291.08,2300.2,10682603
2018-04-17,2304.58,2310.61,2291.39,2307.95,16627257
2018-04-18,2306.43,2316.06,2293.11,2315.5,20963469
2018-04-19,2310.94,2341.94,2308.03,2324.73,17008390
2018-04-20,2322.32,2334.22,2298.2,2298.2,21450260
2018-04-23,2299.31,2309.34,2289.68,2291.59,17634832
2018-04-24,2296.24,2315.26,2269.06,2269.06,20941112
2018-04-25,2266.88,2276.97,2253.15,2257,20466343
2018-04-26,2257.11,2284.31,2253.3,2283.15,18865261
2018-04-27,2286.49,2291.15,2271.05,2276.41,16392986
2018-04-30,2277.25,2298.23,2277.11,2291.87,12114602
2018-05-02,2291.87,2306.05,2284.35,2291.92,15073914
2018-05-04,2280.5,2280.5,2227.94,2233.35,18285048
2018-05-07,2242.8,2251.42,2213.06,2214.36,11497852
2018-05-08,2215.62,2236.4,2210.68,2236.4,26740130
2018-05-09,2236.49,2282,2236.49,2281.12,22327696
2018-05-10,2292.11,2311.55,2279.41,2302.71,26545502
2018-05-11,2303.97,2329.36,2299.44,2329.36,16771590
2018-05-14,2328.58,2333.07,2308.97,2321.09,15057691
2018-05-15,2311.71,2311.71,2273.5,2276.45,37033002
2018-05-16,2278.96,2278.96,2254.88,2275.91,21012834
2018-05-17,2269.54,2280.22,2253.6,2255.78,23789484
2018-05-18,2256.15,2268.61,2222.17,2230.32,21799223
2018-05-21,2231.47,2272.61,2231.47,2268.39,16848588
2018-05-22,2267.88,2269.15,2237.66,2248.71,19612175
2018-05-23,2242.19,2242.19,2200.81,2209.32,28548637
2018-05-24,2212.23,2241.43,2208.72,2213.26,30163221
2018-05-25,2216.49,2226,2196.02,2213.24,29693344
2018-05-28,2214.87,2232.88,2204.55,2217.87,12348420
2018-05-29,2208.65,2208.65,2161.35,2191.95,36309856
2018-05-30,2186.58,2186.58,2151.5,2157.07,159374900
2018-06-01,2158,2190.26,2144.73,2190.26,30134367
2018-06-04,2198.46,2221.05,2198.35,2210.1,20707694
2018-06-05,2217.1,2255.95,2197.38,2255.95,24148980
2018-06-06,2259.34,2266.11,2247.02,2256.67,23621089
2018-06-07,2267.32,2287.02,2260.17,2270.75,24576734
2018-06-08,2260.53,2260.53,2244.42,2250.06,17546792
2018-06-11,2259.61,2266.29,2229.68,2234.52,13890412
2018-06-12,2237.53,2256.63,2235.84,2252.39,17687950
2018-06-13,2256.86,2256.86,2227.14,2238.94,23765149
2018-06-14,2232.51,2247.99,2219.84,2238.39,18220100
2018-06-15,2240.09,2245.12,2203.01,2203.01,47615526
2018-06-18,2203.75,2209.5,2146.34,2150.98,15522433
2018-06-19,2137.66,2137.66,2108.1,2120.75,23457249
2018-06-20,2126.96,2176.46,2126.96,2154.18,16667292
2018-06-21,2159.39,2167.56,2127.92,2150.91,19893957
2018-06-22,2158.13,2174.15,2155.02,2162.88,21100094
2018-06-25,2154.93,2177.65,2149.03,2155.9,18592500
2018-06-26,2156.24,2174.11,2151.81,2153.4,18245830
2018-06-27,2149.33,2154.87,2129.8,2143.25,19418575
2018-06-28,2141.71,2141.71,2096.93,2098.75,19639940
2018-06-29,2111.05,2135.47,2111.05,2135.47,21960104
2018-07-02,2119.7,2125.11,2097.76,2119.31,15836242
2018-07-03,2125.36,2162.03,2123.69,2160.24,12363487
2018-07-04,2156.43,2182.51,2156.39,2182.51,9607409
2018-07-05,2164.27,2184.32,2154.51,2156.59,13916390
2018-07-06,2158.24,2165.15,2148.83,2152.06,14266167
2018-07-09,2162.62,2174.69,2141.14,2151.7,11232643
2018-07-10,2154.32,2194.86,2144.66,2177.67,20828950
2018-07-11,2171.87,2171.87,2150.88,2154.28,13982675
2018-07-12,2160.13,2169.94,2157.49,2161.2,13201054
2018-07-13,2169.37,2173.75,2147.66,2157.14,11278845
2018-07-16,2155.15,2165.93,2133.98,2133.98,9572086
2018-07-17,2141.57,2154.62,2132.06,2153.21,16471405
2018-07-18,2155.27,2167.04,2140.81,2149.12,15720475
2018-07-19,2137.6,2150.64,2127.36,2146.82,19914424
2018-07-20,2142.09,2182.92,2138.68,2182.92,24525499
2018-07-23,2189.2,2213.88,2184.77,2204.53,17749877
2018-07-24,2209.65,2249.28,2209.65,2244.27,21409637
2018-07-25,2250.61,2268.2,2236.63,2260.7,15241676
2018-07-26,2263.96,2309.86,2263.96,2304.67,21761558
2018-07-27,2306.43,2309.18,2285.08,2290.77,13807162
2018-07-30,2289.23,2327.77,2281.26,2327.77,15672724
2018-07-31,2322.89,2327.2,2294.9,2302.13,22469798
2018-08-01,2304.04,2315.48,2278.54,2315.48,19268130
2018-08-02,2309.85,2309.85,2278.44,2283.94,14948812
2018-08-03,2284.28,2301.97,2277.56,2286.92,10677341
2018-08-06,2290.1,2295.82,2267.3,2295.82,8405164
2018-08-07,2295.3,2309.59,2291.68,2304.11,11833275
2018-08-08,2321.55,2331.79,2301.11,2307.12,21388375
2018-08-09,2308.44,2324.73,2292.39,2324.73,13225627
2018-08-10,2308.65,2308.65,2247.15,2247.15,24704314
2018-08-13,2243.43,2271.34,2230.73,2260.88,16502908
2018-08-14,2268.7,2285.87,2252.28,2272.73,12656279
2018-08-16,2262.45,2268.24,2244.42,2262.1,18812432
2018-08-17,2265.39,2265.39,2217.74,2217.74,16081282
2018-08-20,2225.55,2243.71,2225.55,2236.08,16505716
2018-08-21,2241.25,2286.19,2241.25,2281.02,14055415
2018-08-22,2275.86,2308.85,2272.72,2295.63,20831193
2018-08-23,2295.14,2331.93,2285.59,2322.86,27521516
2018-08-24,2322.94,2322.94,2308.45,2312.7,15801181
2018-08-27,2318.85,2372.83,2318.85,2369.97,17890851
2018-08-28,2374.8,2395.77,2361.78,2390.42,19468742
2018-08-29,2386.53,2390.36,2375.47,2380.68,25961500
2018-08-30,2381.65,2387.65,2352.67,2353.92,24803503
2018-08-31,2348.6,2352.7,2333.37,2337.96,23794516
2018-09-03,2340.08,2370.82,2337.21,2355.67,14019698
2018-09-04,2361.39,2377.02,2312.13,2321.24,25190843
2018-09-05,2320.8,2325.39,2295.51,2295.51,32082177
2018-09-06,2291.67,2313.51,2290.73,2293.01,22388056
2018-09-07,2294.98,2303.91,2253.47,2257.3,24016475
2018-09-10,2258.76,2274.96,2251.92,2270.83,18998699
2018-09-11,2262.79,2271.93,2234.38,2248.35,27933088
2018-09-12,2252.17,2264.81,2210.16,2210.16,38305795
2018-09-13,2213.26,2250.11,2213.26,2233.46,23603015
2018-09-14,2243.41,2250.02,2217.53,2232.07,16888313
2018-09-17,2230.43,2231.99,2209.37,2210.99,21584577
2018-09-18,2209.74,2248.51,2209.74,2231.04,20440315
2018-09-19,2239.49,2269.89,2221.57,2259.1,31898025
2018-09-20,2261.41,2272.24,2253.6,2258.63,26680815
2018-09-21,2266.96,2286.76,2256.52,2257.47,143565896
2018-09-24,2261.65,2283.58,2261.65,2280.6,23647381
2018-09-25,2285.8,2310.95,2280.16,2290.19,20454785
2018-09-26,2292.73,2304.45,2285.3,2304.45,18929531
2018-09-27,2300.58,2315.07,2284.49,2315.07,20965780
2018-09-28,2304.24,2310.37,2258.47,2285.11,27172887
2018-10-01,2290.8,2320.98,2281.78,2284.01,13923278
2018-10-02,2272.46,2280.04,2259.38,2280.04,17249613
2018-10-03,2288.11,2305.09,2283.55,2298.2,24317758
2018-10-04,2289.13,2297.06,2268.78,2275.65,26511723
2018-10-05,2275.35,2278.81,2256.83,2264.2,23637219
2018-10-08,2259.71,2259.71,2224.13,2224.13,17477718
2018-10-09,2221.83,2257.31,2220.12,2251.32,19090836
2018-10-10,2254.22,2257.03,2192.51,2197.34,22302437
2018-10-11,2170.37,2181.01,2144,2159.88,25756848
2018-10-12,2174.35,2195.33,2174.35,2186.62,23949953
2018-10-15,2192.17,2194.5,2164.36,2170.05,17478382
2018-10-16,2176.49,2216.8,2176.49,2216.8,22094253
2018-10-17,2225.11,2234.08,2184.03,2199.53,23449412
2018-10-18,2197.47,2207.43,2180.35,2188.1,16966981
2018-10-19,2190.1,2202.16,2167.21,2196.99,16628625
2018-10-22,2203.23,2211.52,2179.33,2193.08,16546801
2018-10-23,2178.47,2178.47,2147.81,2147.81,19305273
2018-10-24,2152.52,2162.72,2144.4,2144.4,19779407
2018-10-25,2124.47,2144.86,2111.64,2142.69,20408440
2018-10-26,2139.9,2139.9,2082.77,2082.77,17914773
2018-10-29,2089.53,2118.48,2089.4,2103.72,13904761
2018-10-30,2104.5,2122.73,2092.18,2122.73,15077256
2018-10-31,2132,2151.88,2132,2151.88,30174419
2018-11-02,2169.62,2208.49,2169.62,2197.68,22661281
2018-11-05,2196.65,2234.79,2188.99,2233.74,15281896
2018-11-06,2237.84,2239.2,2214.47,2230.34,16632609
2018-11-07,2227.66,2282.59,2227.53,2276.65,24830888
2018-11-08,2280.1,2294.15,2258.19,2262.84,21974195
2018-11-09,2259.66,2259.66,2223.95,2232.25,16557395
2018-11-13,2230.91,2242.91,2209.34,2217.97,18259480
2018-11-14,2206.38,2243.42,2191.98,2231.9,24874810
2018-11-15,2237.44,2254.49,2202.91,2202.91,35404744
2018-11-16,2208.77,2221.69,2137.46,2165.46,40367263
2018-11-19,2173.2,2189.73,2152.58,2189.73,27279627
2018-11-20,2181.11,2195.17,2150.91,2160.57,29176585
2018-11-21,2167.92,2220.2,2167.92,2219.62,31292653
2018-11-22,2218.09,2241.04,2207.02,2236.35,17730119
2018-11-23,2234.74,2238.44,2209.33,2225.39,11226411
2018-11-26,2229.64,2245.08,2202.37,2213.57,15951481
2018-11-27,2215.58,2227.11,2202.99,2222.85,17080057
2018-11-28,2222.61,2268.14,2222.61,2264.51,25760476
2018-11-29,2273.83,2303.37,2273.83,2303.37,22752154
2018-11-30,2300.37,2300.37,2267.95,2291.08,34725362
2018-12-03,2310.75,2334.22,2310.75,2329.37,29918140
2018-12-04,2322.24,2344.91,2311.83,2344.91,37195668
2018-12-05,2319.32,2355.29,2296.26,2354.54,36548200
2018-12-06,2335.28,2335.28,2290.52,2294.34,32443515
2018-12-07,2300.79,2320.4,2273.31,2281.54,22011552
2018-12-10,2274.51,2282.05,2241.91,2242.1,17081467
2018-12-11,2252.7,2264.54,2221.37,2221.37,29514762
2018-12-12,2228.58,2275.19,2227.89,2275.15,39814158
2018-12-13,2282.77,2314.09,2267.53,2310.66,32714897
2018-12-14,2297.17,2314.12,2282.43,2303.41,22124646
2018-12-17,2296.79,2308.55,2281.45,2281.87,20756145
2018-12-18,2273.02,2317.59,2264.35,2315.18,26101311
2018-12-19,2312.49,2344.11,2309.47,2342.81,28897699
2018-12-20,2327.49,2327.49,2295.4,2306.68,33393058
2018-12-21,2303.95,2307,2226.52,2259.77,69876976
2018-12-27,2279.04,2288.31,2248.23,2251.38,15779847
2018-12-28,2253.05,2281.37,2253.05,2276.63,17139836
2019-01-02,2275.35,2303.24,2243.92,2301.62,15522133
2019-01-03,2293.47,2293.47,2243.05,2247.22,18449644
2019-01-04,2257.4,2289.19,2257.4,2284.95,19543174
2019-01-07,2292.76,2331.45,2292.76,2331.45,29453503
2019-01-08,2330.42,2330.42,2303.05,2325.19,26789886
2019-01-09,2329.09,2341.84,2321.96,2341.84,30379782
2019-01-10,2331.87,2335.6,2305.97,2335.31,22732382
2019-01-11,2343.73,2364.28,2322.14,2335.1,27211263
2019-01-14,2326.24,2334.3,2310.84,2327.66,21572221
2019-01-15,2336.51,2350.86,2323.57,2344.56,20069983
2019-01-16,2349.89,2364.17,2340.33,2364.17,21252985
2019-01-17,2358.94,2372.09,2351.72,2358.97,21895608
2019-01-18,2366.69,2380.73,2357.34,2377.87,25825938
2019-01-21,2379.21,2379.21,2349.47,2358.3,10396198
2019-01-22,2349.91,2369.68,2344.35,2359.23,19785079
2019-01-23,2360.17,2415.67,2353.25,2407.09,30598430
2019-01-24,2410.22,2420.94,2388.59,2406.38,26494755
2019-01-25,2413.12,2418.41,2390.85,2398.74,30212307
2019-01-28,2399.77,2400.76,2354.8,2370.62,27052126
2019-01-29,2370.79,2388.59,2357.21,2373.3,22353237
2019-01-30,2374.69,2378.83,2348.33,2357.79,22575189
2019-01-31,2367.75,2389.76,2364.08,2380.11,28047137
2019-02-01,2380.44,2393.43,2373.14,2393.43,13854901
2019-02-04,2392.16,2410.9,2380.23,2390.46,18123965
2019-02-05,2393.43,2411.99,2383.96,2409.32,17449872
2019-02-06,2409.89,2420.4,2403.68,2414.41,18795205
2019-02-07,2407.95,2407.95,2367.18,2371.33,14476784
2019-02-08,2365.88,2368.32,2354.11,2354.11,17529892
2019-02-11,2359.1,2378.19,2354.28,2354.28,16268143
2019-02-12,2362.03,2377.01,2356.36,2370.99,16068892
2019-02-13,2374.44,2380.53,2334.87,2346.39,17342535
2019-02-14,2346.67,2352.35,2316.81,2319.92,29705351
2019-02-15,2316.99,2346.99,2314,2338.2,16243183
2019-02-18,2340.2,2345.5,2319.46,2325.67,15050049
2019-02-19,2324.68,2337.54,2313.83,2322.41,15933724
2019-02-20,2327.23,2369.7,2327.23,2369.7,20213105
2019-02-21,2366.6,2375.39,2330.01,2339.85,24780202
2019-02-22,2338.21,2372.82,2338.21,2355.77,23728852
2019-02-25,2358.78,2376.05,2348.42,2371.69,17546290
2019-02-26,2370.55,2370.55,2355.92,2365.93,18129776
2019-02-27,2364.42,2368.09,2331.93,2333.81,15764645
2019-02-28,2336.82,2346.44,2332.23,2332.23,19132541
2019-03-01,2339.97,2349.46,2330.85,2333.11,20112068
2019-03-04,2341.55,2349.08,2321.71,2328.05,25995529
2019-03-05,2325.8,2338.74,2318.81,2321.32,15909279
2019-03-06,2325.09,2329.4,2317,2327.16,20220415
2019-03-07,2326.78,2335.46,2305.25,2308.48,16175290
2019-03-08,2305.19,2305.19,2286.94,2298.97,14503984
2019-03-11,2303.15,2313.54,2297.59,2300.22,17658030
2019-03-12,2312.75,2319.74,2298.8,2310.1,18228820
2019-03-13,2306.15,2316.63,2301.22,2314.79,27007570
2019-03-14,2319.32,2323.52,2310.25,2319.28,17674350
2019-03-15,2323.39,2360.92,2317.73,2346.25,70608206
2019-03-18,2351.02,2358.84,2342.69,2345.84,17179993
2019-03-19,2346.73,2365.96,2346.73,2352.42,18352200
2019-03-20,2353.1,2357.16,2344.13,2351.83,15974697
2019-03-21,2352.81,2359.36,2344.94,2359.02,17889316
2019-03-22,2358.11,2361.06,2319.1,2319.1,15736309
2019-03-25,2314.98,2320.57,2304.66,2312.79,13412020
2019-03-26,2314,2325.05,2312.43,2324.91,12798900
2019-03-27,2326.64,2331.21,2312.75,2315.17,16891636
2019-03-28,2315.21,2325.26,2310.92,2313.77,11713850
2019-03-29,2318.66,2330.52,2304.77,2312.09,26232506
2019-04-01,2325.38,2347.72,2325.38,2340.74,14670200
2019-04-02,2342.08,2382.89,2342.08,2371.14,16645463
2019-04-03,2381.44,2408.37,2381.44,2407.63,20779343
2019-04-04,2404.61,2413.5,2386.49,2388.59,20824124
2019-04-05,2388.47,2408.44,2351.08,2351.08,23736163
2019-04-08,2356.5,2362.51,2349.48,2359.52,14391487
2019-04-09,2364.84,2377.22,2357.72,2367.84,19736792
2019-04-10,2368.97,2391.8,2366.48,2391.8,22589323
2019-04-11,2393.53,2396.5,2371.04,2374.97,16255664
2019-04-12,2381.56,2385.27,2364.83,2366.71,14629625
2019-04-15,2364.12,2372.85,2351.38,2358.19,15284682
2019-04-16,2361.43,2372.18,2357.56,2372.18,21523122
2019-04-17,2374.7,2396.84,2371.3,2378.31,35382692
2019-04-18,2375.24,2375.24,2352.73,2365.36,20175383
2019-04-23,2367.82,2374.48,2361.02,2370.63,10835390
2019-04-24,2371.11,2377.73,2357.21,2372.33,21562740
2019-04-25,2372.75,2372.75,2347.21,2358.76,16941558
2019-04-26,2354.41,2372.25,2352.05,2372.25,13490856
2019-04-29,2377.34,2378.36,2354.99,2368.08,14692822
2019-04-30,2357.54,2360.26,2323.73,2334.21,22858542
2019-05-02,2337.12,2337.12,2317.5,2319.08,15301813
2019-05-06,2301.78,2303.7,2278.96,2290.13,16354805
2019-05-07,2292.05,2293.95,2233.57,2233.8,25055557
2019-05-08,2236.63,2250.19,2217.31,2221.82,22679250
2019-05-09,2218.05,2227.52,2177.76,2179.4,21730364
2019-05-10,2191.75,2210.31,2184.33,2191.91,22665036
2019-05-13,2194.7,2199.9,2153.7,2172.97,19985331
2019-05-14,2184.39,2192.53,2162.4,2163.94,25230002
2019-05-15,2176.3,2181.49,2152.99,2169.18,29226451
2019-05-16,2174.1,2193.89,2162.46,2188.43,21947998
2019-05-17,2187.18,2187.18,2165.97,2184.35,19175312
2019-05-20,2186.97,2189.1,2159.78,2175.51,19882122
2019-05-21,2178.92,2191.28,2173.74,2190.93,22502583
2019-05-22,2193.78,2225.3,2181.14,2214.36,20965698
2019-05-23,2212.6,2212.6,2172.96,2173.09,23235197
2019-05-24,2178.44,2193.7,2175.03,2188.2,18081221
2019-05-27,2191.26,2199.3,2177.84,2189.66,9077091
2019-05-28,2191.17,2215.33,2184.7,2192.87,44697001
2019-05-29,2179.87,2187.54,2162.4,2187.45,32752758
2019-05-30,2190.88,2228.81,2190.88,2221.56,30831212
2019-05-31,2208.43,2239.31,2194.96,2239.31,23223958
2019-06-03,2239.12,2248.09,2227.89,2237.71,15759707
2019-06-04,2237.74,2242.52,2222.32,2233.75,18733701
2019-06-05,2237.23,2242.22,2219.94,2223.27,27022940
2019-06-06,2224.2,2272.07,2222.81,2260.94,43220594
2019-06-07,2260.52,2287.39,2260.52,2280.6,23636701
2019-06-10,2290.4,2296.33,2271.09,2282.51,18082030
2019-06-11,2283.9,2300.92,2275.67,2295.6,29044984
2019-06-12,2290.75,2292.41,2263.68,2282.8,29303418
2019-06-13,2282.72,2310.66,2277.12,2300.2,26105922
2019-06-14,2299.03,2299.09,2283.94,2286.46,20505698
2019-06-17,2286.57,2290.79,2269.87,2276.6,20062371
2019-06-18,2277.52,2325.16,2272.26,2325.16,36181816
2019-06-19,2326.56,2327.46,2316.84,2319.71,22041318
2019-06-21,2324.16,2343.66,2302.71,2308.32,61717378
2019-06-24,2315.79,2332.8,2311.55,2331.08,19030821
2019-06-25,2328.99,2328.99,2296.97,2303.31,29021864
2019-06-26,2308.98,2318.68,2300.51,2317.17,37539552
2019-06-27,2315.73,2347.62,2315.73,2335.13,37401033
2019-06-28,2332.63,2335.26,2323.55,2327.67,19367679
2019-07-01,2338.98,2363.21,2326.49,2329.74,21199057
2019-07-02,2334.6,2341.09,2310.49,2341.09,22876390
2019-07-03,2338.73,2349.15,2330.53,2345.56,19650157
2019-07-04,2350.47,2357.89,2338.9,2356.49,13908735
2019-07-05,2359.39,2359.39,2334.27,2342.01,22830756
2019-07-08,2337.67,2349.35,2326.33,2339.07,22636798
2019-07-09,2325.9,2327.02,2303.2,2312.63,24567522
2019-07-10,2312.32,2340.95,2305.66,2312.77,33895638
2019-07-11,2322.18,2338.33,2308.2,2316.95,23025409
2019-07-12,2323.61,2325.05,2314.42,2315.36,21936314
2019-07-15,2318.56,2334.1,2316.89,2324.21,20051320
2019-07-16,2326.49,2330.5,2317.18,2321.52,30053394
2019-07-17,2317.45,2320.49,2301.63,2306.67,33032265
2019-07-18,2300.65,2324.71,2291.66,2321.41,28496534
2019-07-19,2325.16,2348.86,2325.16,2344.03,28618974
2019-07-22,2345.61,2350.82,2335.3,2342.51,18652552
2019-07-23,2345.76,2348.43,2332.5,2335.86,20204415
2019-07-24,2336.68,2338.95,2327.66,2335.41,22510591
2019-07-25,2341.04,2344.39,2308.32,2310.31,20967100
2019-07-26,2311.51,2314.19,2299.39,2305.79,18087768
2019-07-29,2307.08,2309.53,2282.08,2285.93,15794970
2019-07-30,2273.72,2282.3,2263.92,2263.92,23157688
2019-07-31,2264.64,2285.25,2263.61,2277.37,29655346
2019-08-01,2273.24,2280.8,2236.98,2240.78,27029469
2019-08-02,2232.92,2233.03,2216.51,2216.51,19929333
2019-08-05,2211.89,2211.89,2164.06,2164.14,25318260
2019-08-06,2169.08,2182.2,2155.33,2156.23,28115391
2019-08-07,2163.21,2173.56,2124.85,2138.23,28871726
2019-08-08,2153.17,2169.27,2152.26,2158.88,22715284
2019-08-09,2165.34,2165.83,2119.89,2127.61,26950992
2019-08-12,2134.55,2140.84,2104.12,2109.73,16353035
2019-08-13,2095.17,2153.16,2085.61,2140.19,26859051
2019-08-14,2134.28,2134.48,2078.39,2078.39,25515986
2019-08-16,2085.34,2096.94,2055.7,2064.12,27565519
2019-08-19,2078.8,2110.19,2078.8,2102.23,19005749
2019-08-20,2104.97,2116.59,2087.21,2110.11,23036456
2019-08-21,2108.37,2129.57,2103.87,2105.88,16864747
2019-08-22,2108.88,2126.87,2097,2108.05,22403019
2019-08-23,2115.16,2128.1,2081.07,2103.68,16625572
2019-08-26,2092.33,2109.42,2077.82,2098.41,14030010
2019-08-27,2101.19,2107,2076.51,2095.45,47792244
2019-08-28,2098.88,2107.28,2044.86,2051.44,21934128
2019-08-29,2050.87,2075.4,2047.94,2069.33,18065804
2019-08-30,2072.65,2136.79,2069.86,2135.25,26051393
2019-09-02,2138.35,2147.13,2131.32,2144.48,10916739
2019-09-03,2140.74,2140.74,2097.66,2107.16,18870993
2019-09-04,2122.06,2136.41,2102.36,2102.73,29898106
2019-09-05,2111.47,2122.76,2088.88,2106.89,24072521
2019-09-06,2111.05,2129.97,2108.64,2122.6,17296749
2019-09-09,2124.96,2174.41,2124.96,2174.41,24031978
2019-09-10,2173.79,2189.02,2168.72,2187.8,27349052
2019-09-11,2186.08,2202.44,2179,2189.21,23652931
2019-09-12,2191.97,2205.99,2174.51,2189.07,21926693
2019-09-13,2188.73,2210.7,2187.43,2200.95,16091161
2019-09-16,2198.63,2217.84,2188.3,2217.84,25331963
2019-09-17,2212.71,2214.48,2184.9,2192.71,27699795
2019-09-18,2192.83,2206.8,2186.03,2205.02,25058550
2019-09-19,2200.07,2200.07,2184.93,2191.61,17058693
2019-09-20,2190,2198.29,2164.13,2171.75,47921900
2019-09-23,2167.32,2171.39,2139.34,2147.32,22067731
2019-09-24,2153.62,2183.13,2150.85,2175.24,17408621
2019-09-25,2170.22,2170.22,2144.63,2159.68,20185921
2019-09-26,2161.97,2177.07,2159.78,2172.47,19182144
2019-09-27,2175.46,2190.53,2170.54,2186.31,12465462
2019-09-30,2188.31,2188.77,2162.2,2173.29,16427282
2019-10-01,2175.98,2175.98,2148.55,2152.5,18577628
2019-10-02,2148.62,2148.62,2098.28,2098.28,18837261
2019-10-03,2091.15,2129.53,2076.45,2099.3,24703068
2019-10-04,2101.64,2124.78,2101.64,2121.16,17504852
2019-10-07,2126.9,2126.9,2110.11,2121.87,13984162
2019-10-08,2121.85,2135.75,2113.93,2131.83,19639702
2019-10-09,2136.45,2142.51,2126.6,2134.37,15836471
2019-10-10,2134.52,2136.96,2113.87,2122.99,18221562
2019-10-11,2126.11,2160.85,2125.66,2159.91,16428054
2019-10-14,2162.23,2163.42,2143.33,2148.53,15537342
2019-10-15,2156.95,2161.73,2146.79,2154.8,21337309
2019-10-16,2153.26,2167.1,2151.57,2156.06,22408366
2019-10-17,2160.43,2181.94,2154.17,2173.75,17705640
2019-10-18,2167.19,2168.49,2149.61,2164.75,18868273
2019-10-21,2164.82,2184.64,2160.39,2183.25,16187834
2019-10-22,2184,2212.19,2177.25,2212.15,19247868
2019-10-23,2206.89,2209.58,2198.75,2208.54,13809112
2019-10-24,2206.18,2216.33,2195.82,2208.36,19413477
2019-10-25,2206.68,2206.68,2172.44,2175.27,19871079
2019-10-28,2175.3,2215.02,2175.3,2211.8,17157695
2019-10-29,2210.54,2228.28,2203.17,2227.93,26631371
2019-10-30,2227.02,2230.72,2219.18,2227.38,17684847
2019-10-31,2235.68,2236.95,2188.99,2194.1,26160384
2019-11-04,2208.61,2264.06,2208.61,2264.06,30023628
2019-11-05,2263.6,2279.64,2257.69,2272.45,23389924
2019-11-06,2267.95,2269.98,2255.34,2255.34,17542217
2019-11-07,2260.78,2277.18,2260.78,2272.17,26649994
2019-11-08,2269.51,2269.51,2252.85,2255.46,31730968
2019-11-12,2259.75,2266.23,2245.4,2248.81,26636582
2019-11-13,2250.07,2250.31,2228.03,2235.52,33577800
2019-11-14,2235.67,2245.84,2223.56,2226.15,22560490
2019-11-15,2225.99,2238.11,2225.77,2233.87,13701198
2019-11-18,2239.37,2244.64,2220.25,2229.92,18060604
2019-11-19,2230.15,2232.47,2201.64,2207.25,21477461
2019-11-20,2204.41,2204.41,2175.68,2194.58,20561742
2019-11-21,2192.19,2192.19,2164.04,2179.53,20451018
2019-11-22,2179.44,2198.56,2176.33,2188.24,18022561
2019-11-25,2191.79,2204.09,2191.79,2197.54,16689797
2019-11-26,2199.69,2199.69,2177.73,2190.58,60977882
2019-11-27,2192.17,2196.5,2175.07,2181.33,17171821
2019-11-28,2178.33,2178.33,2159.9,2169.09,12147615
2019-11-29,2164.72,2170.47,2154.94,2158.94,14547586
2019-12-02,2163.48,2168.85,2121.16,2122.3,25649378
2019-12-03,2122.97,2123.47,2088.77,2089.92,21505028
2019-12-04,2093.25,2113.13,2078.1,2081.89,24257697
2019-12-05,2088,2103.69,2078.98,2092.12,22123687
2019-12-06,2087.82,2088.62,2055.68,2073.11,42639852
2019-12-09,2073.42,2073.42,2051.04,2066.55,17670932
2019-12-10,2066.43,2070.22,2040.78,2054.11,18788888
2019-12-11,2056.17,2064.5,2034.48,2047.34,23865513
2019-12-12,2056.35,2102.19,2055.54,2102.19,28647605
2019-12-13,2112.27,2123.34,2103.58,2106.51,27117185
2019-12-16,2107.39,2120.23,2104.16,2112.93,22019873
2019-12-17,2115.87,2139.47,2114.19,2132.25,32730028
2019-12-18,2137.7,2137.7,2112.21,2131.85,30289630
2019-12-19,2132.53,2134.36,2123.81,2133.72,21895451
2019-12-20,2131.61,2138.37,2123.99,2128.04,57317354
2019-12-23,2128.71,2142.91,2124.87,2142.54,15089151
2019-12-27,2145.77,2167.47,2145.77,2151.74,12081456
2019-12-30,2151.48,2160.23,2147.58,2150.09,11041276
2020-01-02,2161.55,2200.57,2161.42,2200.1,21369888
2020-01-03,2192.31,2192.31,2159.03,2173.97,20627251
2020-01-07,2171.72,2176.8,2143.11,2145.01,19556434
2020-01-08,2140.29,2140.29,2114.24,2115.99,20739943
2020-01-09,2132.02,2157.61,2132.02,2157.61,19887696
2020-01-10,2161.6,2167.91,2150.83,2167.91,16496395
2020-01-13,2170.86,2194.42,2167.33,2194.42,22067379
2020-01-14,2194.88,2194.88,2174.44,2182.96,29388336
2020-01-15,2180.55,2183.85,2158.36,2165.08,22745340
2020-01-16,2170.39,2179.43,2163.83,2173.74,20756877
2020-01-17,2172.14,2181.62,2147.94,2175.95,19782963
2020-01-20,2178.31,2183.84,2173.92,2178.06,15631644
2020-01-21,2174.93,2174.93,2152.62,2158.04,18927569
2020-01-22,2168.44,2172.76,2144.68,2146.56,27440004
2020-01-23,2144.56,2159.55,2141.62,2148.41,22561743
2020-01-24,2150.57,2166.31,2150.57,2154.28,17630461
2020-01-27,2141.68,2141.68,2083.69,2083.79,20984119
2020-01-28,2089.16,2105.76,2083.54,2098.04,17437951
2020-01-29,2099.3,2114.31,2090.41,2098.18,25644144
2020-01-30,2078.74,2093.68,2064.09,2079.98,23189128
2020-01-31,2085.41,2087.93,2052.68,2065.9,38290087
2020-02-03,2062.33,2077.58,2050.91,2072.88,25394120
2020-02-04,2082.19,2115.25,2081.81,2106.63,32249751
2020-02-05,2106.64,2133.91,2102.45,2122.91,21929283
2020-02-06,2128.24,2138.87,2105.59,2111.76,23411969
2020-02-07,2107.43,2110.2,2092.36,2110.2,18963173
2020-02-10,2108.67,2112.78,2087.72,2092.89,16134600
2020-02-11,2099.2,2114.89,2094.39,2107.4,21356120
2020-02-12,2120.01,2132.78,2115.92,2126.31,21380076
2020-02-13,2125.22,2125.22,2096.14,2120.07,19110037
2020-02-14,2126.64,2131.28,2111.22,2115.29,20893159
2020-02-17,2125.14,2131.6,2117.45,2121.14,14217981
2020-02-18,2112.15,2118.48,2103.76,2113.49,13882294
2020-02-19,2116.32,2122.67,2097.07,2115.18,21465468
2020-02-20,2115.39,2116.08,2098.12,2099.88,20482243
2020-02-21,2095.8,2106.18,2084.55,2088.53,16533483
2020-02-24,2070.66,2070.66,1997.84,2000.9,25032229
2020-02-25,2000.65,2007.34,1945.71,1945.71,32357249
2020-02-26,1942.66,1957.64,1906.06,1933.51,33550737
2020-02-27,1926.15,1927.44,1833.92,1850.61,33425936
2020-02-28,1817.79,1817.79,1735.37,1768.91,70088832
2020-03-02,1807.25,1840.57,1765.43,1807.7,40207534
2020-03-03,1827.36,1906.87,1827.36,1889.67,39063455
2020-03-04,1882.71,1894.23,1857.9,1860.95,28135069
2020-03-05,1879.11,1893.88,1822.76,1822.85,25502227
2020-03-06,1808.36,1808.36,1749.7,1764.81,34436845
2020-03-09,1685.28,1697.38,1609.08,1625.99,40494707
2020-03-10,1643.34,1657.09,1594.07,1599.48,39334266
2020-03-11,1607.3,1616.03,1495.87,1505.64,44940270
2020-03-12,1450.71,1450.71,1305.73,1305.73,57193099
2020-03-13,1334.37,1442.72,1315.96,1365.97,74136137
2020-03-16,1342.4,1356.01,1248.77,1341.54,64568981
2020-03-17,1370.79,1446.74,1355.07,1429.28,81569696
2020-03-18,1425.27,1465.58,1376.75,1401.29,78265426
2020-03-19,1406.71,1469.43,1386.83,1469.43,51612015
2020-03-20,1502.14,1547.74,1476.65,1488.42,109516157
2020-03-23,1461.22,1463.93,1400.71,1405.45,43978401
2020-03-24,1449.34,1473.02,1424.14,1451.02,37402637
2020-03-25,1487.75,1505.79,1413.22,1441.83,47382329
2020-03-26,1431.53,1492.87,1410.91,1492.01,36791461
2020-03-27,1494.31,1499.62,1465.48,1475.9,33221292
2020-03-30,1482.1,1484.62,1443.16,1477.65,28425038
2020-03-31,1486.89,1523.49,1484.33,1512.84,59768681
2020-04-01,1495.43,1500.43,1473.64,1482.42,36501160
2020-04-02,1490.41,1501.33,1464.86,1491.55,48115276
2020-04-03,1492.1,1509.07,1474.44,1506.48,49706290
2020-04-06,1534.81,1585.04,1534.81,1581.05,45607978
2020-04-07,1602.14,1655.29,1602.14,1603.5,64702693
2020-04-08,1602.33,1619.63,1567.84,1579.18,55926360
2020-04-09,1596.79,1619.77,1579.72,1615.72,50387984
2020-04-14,1631.5,1664.53,1625.89,1662.4,46442620
2020-04-15,1669.23,1673.58,1602.31,1606.21,50591639
2020-04-16,1610.81,1617.55,1589.83,1597.9,43492790
2020-04-17,1618.42,1633.53,1612.01,1625.59,41660521
2020-04-20,1629.69,1643.87,1604.98,1640.06,28317660
2020-04-21,1631.4,1631.4,1572.05,1573.44,33518434
2020-04-22,1574.07,1609.82,1554.34,1605.12,32625994
2020-04-23,1609.41,1626.82,1589.64,1626.1,30890017
2020-04-24,1617.91,1627.49,1601.91,1601.91,26303916
2020-04-27,1614.29,1624.69,1580.48,1591.97,34025549
2020-04-28,1590.34,1622.8,1579.94,1594.25,37309050
2020-04-29,1601.65,1656.4,1600.78,1651.33,35813382
2020-04-30,1661.23,1682.13,1636.35,1648.68,46692062
2020-05-04,1630.24,1630.24,1597.7,1600.65,23786804
2020-05-05,1609.04,1616.34,1591.58,1598.84,22424621
2020-05-06,1604.6,1606.44,1565.07,1567.98,34612015
2020-05-07,1572.16,1602.76,1559.06,1587.35,21763522
2020-05-08,1600.54,1614.18,1599.51,1606.5,15375851
2020-05-11,1614.21,1619.36,1581.5,1587.31,17939326
2020-05-12,1589.69,1624.52,1584.01,1622.51,29571887
2020-05-13,1615.9,1634.77,1607,1614.32,24392087
2020-05-14,1605.68,1605.68,1559.52,1579.16,26391998
2020-05-15,1585.51,1597.04,1568.38,1572.55,18369715
2020-05-18,1585.92,1639.08,1585.92,1639.08,29449606
2020-05-19,1651.08,1658.34,1629.29,1640.18,24494948
2020-05-20,1640.26,1662.2,1634.44,1652.64,24022509
2020-05-21,1651.03,1653.92,1636.24,1637.84,22155298
2020-05-22,1632.27,1635.98,1617.76,1630.44,19967851
2020-05-25,1639.26,1650.39,1634.34,1644.74,12109905
2020-05-26,1657.26,1712.64,1657.26,1709.71,58196613
2020-05-27,1713.73,1763.02,1705.09,1707.59,59902537
2020-05-28,1722.43,1757.78,1694.6,1718.45,59312587
2020-05-29,1718.19,1722.65,1699.32,1722.65,76818422
2020-06-01,1733.13,1749.58,1722.77,1733.52,36707001
2020-06-02,1735.86,1739.48,1722.5,1736.36,48471712
2020-06-03,1741.91,1780.86,1741.36,1766.85,61762561
2020-06-04,1765.6,1786.58,1755.73,1786.58,48701312
2020-06-05,1794.38,1847.95,1794.38,1842.47,59248870
2020-06-08,1842.22,1852.69,1813.02,1841.25,47827333
2020-06-09,1848.11,1856.66,1811.96,1835.59,63659384
2020-06-10,1840.1,1846.29,1817.06,1841.18,99913864
2020-06-12,1792.35,1812.33,1754.16,1788.83,89471276
2020-06-15,1767.35,1767.35,1735.27,1741.47,89293321
2020-06-16,1765.17,1811.7,1765.17,1798,66678393
2020-06-17,1807.91,1812.65,1780.94,1787.81,50197464
2020-06-18,1787.9,1804.13,1780.45,1795.86,75865507
2020-06-19,1791.68,1809.23,1791.68,1807.85,91765353
2020-06-22,1805.25,1807.19,1786.99,1797.05,43852662
2020-06-23,1807.1,1847.33,1806.21,1825.99,44376322
2020-06-24,1830.39,1836.89,1784.23,1784.23,38481948
2020-06-25,1781.84,1798.8,1759.21,1793.36,33804564
2020-06-26,1799.33,1800.49,1759.37,1759.43,27866129
2020-06-29,1758.46,1771.21,1750.91,1769.47,32076105
2020-06-30,1770.24,1777.07,1754.41,1758.82,33776211
2020-07-01,1760.72,1774.79,1739.93,1772.38,30478139
2020-07-02,1778.45,1809.74,1778.45,1804.01,36329707
2020-07-03,1811.07,1812.22,1796.23,1800.96,15910650
2020-07-06,1820.81,1833.77,1808.34,1818.55,21278639
2020-07-07,1816.46,1816.46,1794.61,1800.93,21869632
2020-07-08,1797.88,1797.88,1780.87,1788.22,18721169
2020-07-09,1791.68,1802.31,1789.08,1791.68,23146063
2020-07-10,1781.84,1797.27,1772.5,1797.27,19017746
2020-07-13,1806.55,1814.47,1799.91,1801.64,22254102
2020-07-14,1797.85,1798.4,1763.64,1771.7,37539275
2020-07-15,1783.18,1798.58,1779.98,1794.78,31622756
2020-07-16,1791.04,1799.18,1780.17,1799.08,24143168
2020-07-17,1800.7,1800.7,1785.44,1796.04,28251410
2020-07-20,1795.09,1840.6,1789.04,1840.6,43201680
2020-07-21,1852.56,1884.22,1840.87,1845.34,63348457
2020-07-22,1844.74,1847,1830.61,1830.61,28036885
2020-07-23,1837.64,1842.84,1817.78,1820.25,22437877
2020-07-24,1809.5,1810.65,1790.53,1810.33,20018033
2020-07-27,1811.4,1833.8,1805.84,1830.87,29472596
2020-07-28,1831.03,1841.46,1806.06,1823.52,33304887
2020-07-29,1819.4,1828.24,1804.21,1824.53,26311655
2020-07-30,1827.17,1827.17,1762.74,1763.22,38548780
2020-07-31,1767.31,1793.13,1765.42,1767.54,36031300
2020-08-03,1769.31,1815.5,1768.56,1804.38,20034373
2020-08-04,1813.7,1831.17,1804.3,1811.46,20228370
2020-08-05,1819.96,1844.2,1819.96,1833.2,24197285
2020-08-06,1834.67,1841.68,1810.63,1818.64,19951007
2020-08-07,1818.62,1824.29,1809.07,1817.23,21923481
2020-08-10,1822.48,1832.65,1812.95,1823.15,16618758
2020-08-11,1830.21,1857.95,1822.13,1847.73,23937974
2020-08-12,1848.54,1856.84,1839.14,1855.86,17234179
2020-08-13,1856.65,1881.46,1854.78,1858.35,14609934
2020-08-14,1857.47,1857.47,1840.77,1856.56,10708465
2020-08-17,1856.46,1865.94,1844.3,1862.12,12788540
2020-08-18,1859.11,1859.11,1837.2,1840.33,19937166
2020-08-19,1838.62,1847.84,1831.01,1833.22,14295005
2020-08-20,1829.52,1829.52,1811.88,1815.03,12587398
2020-08-21,1824.52,1831.28,1813.79,1820.6,13127705
2020-08-24,1830.14,1843.75,1827.39,1841.46,13217103
2020-08-25,1847.98,1858.14,1820.34,1821.29,14759246
2020-08-26,1817.91,1848.77,1815.16,1848.35,14166893
2020-08-27,1846.42,1854.84,1833.9,1846.5,13555934
2020-08-28,1842.36,1850.46,1826.96,1829.79,13671826
2020-08-31,1832.66,1839.06,1793.96,1800.21,33678644
2020-09-01,1803.77,1807.77,1768.12,1772.61,30289284
2020-09-02,1777.15,1796.8,1777.15,1785.44,32157278
2020-09-03,1787.62,1805.22,1764.04,1769.19,26372468
2020-09-04,1754.65,1773.65,1743.89,1758.11,19736509
2020-09-07,1765.37,1780.44,1761.96,1772.85,16043227
2020-09-08,1778.86,1781.04,1720.07,1733.88,33898058
2020-09-09,1735.58,1775.98,1735.58,1773.37,22514088
2020-09-10,1776.48,1783.39,1751.06,1764.86,17665600
2020-09-11,1767.42,1777.91,1764.66,1772.89,15962793
2020-09-14,1783.55,1787.9,1757.93,1758.65,20624696
2020-09-15,1760.55,1764.38,1737.55,1743.93,32465157
2020-09-16,1746.94,1750.73,1731.28,1738.1,27367678
2020-09-17,1736.81,1745.87,1714.95,1745.73,31087178
2020-09-18,1745.91,1751.25,1729.3,1731.76,48976787
2020-09-21,1724.89,1753.5,1682.26,1682.26,51949697
2020-09-22,1689.6,1704.4,1682.55,1693.09,31717311
2020-09-23,1701.26,1712.27,1684.92,1685.4,25995393
2020-09-24,1677.73,1679.59,1657.57,1665.96,24207229
2020-09-25,1666.65,1678.51,1658.33,1674.14,44107627
2020-09-28,1686.57,1738.44,1686.57,1738.44,37983678
2020-09-29,1737.48,1737.48,1718.21,1718.21,21346383
2020-09-30,1713.01,1719.15,1700.49,1712.73,25682893
2020-10-01,1719.55,1723.85,1687.54,1694.18,22310007
2020-10-02,1690.04,1704.58,1675.2,1697.39,18298699
2020-10-05,1710.14,1739.17,1710.14,1731.85,20264194
2020-10-06,1739.86,1749.28,1733.17,1735.45,26458687
2020-10-07,1736.62,1741.18,1715.75,1736.61,23829671
2020-10-08,1742.29,1746.68,1711.56,1719.91,22047535
2020-10-09,1718.45,1718.45,1679.01,1698.91,27423797
2020-10-12,1701.76,1707.3,1681.87,1683.21,25089668
2020-10-13,1685.25,1685.25,1659.1,1660.12,26031951
2020-10-14,1658.04,1691.64,1657.9,1670.26,33451091
2020-10-15,1660.64,1660.64,1625.1,1627.59,31769308
2020-10-16,1635.02,1665.8,1635.02,1655.36,37750985
2020-10-19,1663.75,1681.74,1640.82,1648.11,22941451
2020-10-20,1647.95,1667.16,1638.2,1656.34,23654536
2020-10-21,1656.97,1663.23,1634.28,1641.42,21076142
2020-10-22,1634.69,1664.37,1627.13,1642.7,27413508
2020-10-23,1643.34,1661.16,1638.76,1645.32,61467814
2020-10-26,1635.49,1645.46,1627.61,1631.66,21450891
2020-10-27,1635.42,1653.11,1612.59,1625.54,29281825
2020-10-28,1605.43,1610.05,1534.87,1549.74,39349601
2020-10-29,1557.47,1567.72,1529.15,1542.76,36970182
2020-10-30,1528.78,1535.27,1496.76,1515.97,40057456
2020-11-02,1526.2,1563.93,1526.2,1556.14,35369810
2020-11-03,1564.86,1636.9,1564.75,1636.28,42706867
2020-11-04,1622.29,1641.78,1590.72,1640.94,32893579
2020-11-05,1654.61,1678.4,1649.07,1670.43,29239154
2020-11-06,1665.72,1702.98,1654.6,1697.49,29419624
2020-11-09,1707.52,1788.27,1697.78,1765.71,59970055
2020-11-10,1768.9,1794.79,1741.62,1779.34,55221876
2020-11-12,1777.24,1791.08,1761.91,1771.49,52043843
2020-11-13,1768.19,1768.51,1743.81,1749.41,25817243
2020-11-16,1764.1,1799.36,1764.1,1799.02,46540695
2020-11-17,1797.57,1801.73,1775.91,1793.56,38779648
2020-11-18,1792.17,1812.8,1787.08,1810.43,31034452
2020-11-19,1803.49,1806.98,1782.02,1789.79,25264725
2020-11-20,1788.48,1821.3,1780.11,1820.85,24018420
2020-11-23,1835.53,1860.73,1823.32,1832.04,26237893
2020-11-24,1841.11,1861.39,1831.12,1859.42,26738682
2020-11-25,1866.15,1866.15,1840.63,1860.15,28023478
2020-11-26,1865.67,1873.96,1844.11,1849.57,17687253
2020-11-27,1846.73,1853.78,1834.69,1852.69,20434292
2020-11-30,1845.96,1851.37,1817.83,1830.04,70547131
2020-12-01,1844.33,1871.17,1844.33,1853.38,26822976
2020-12-02,1855.33,1899.37,1845.44,1897.97,27335738
2020-12-03,1900.94,1903.32,1880.22,1890.11,29798820
2020-12-04,1894.4,1952.28,1894.35,1947.68,28408098
2020-12-07,1949.61,1965.92,1926.87,1958.53,32118759
2020-12-08,1941.14,1970.27,1933.68,1970.27,33485126
2020-12-09,1976.65,2023.91,1976.65,1994.12,57962389
2020-12-10,1995.63,2008.96,1975.26,1984,40469559
2020-12-11,1985.51,1992.09,1927.53,1950.85,38524912
2020-12-14,1956.48,1961.77,1916.03,1939.07,34170734
2020-12-15,1938.79,1963.56,1933.23,1955.69,27794678
2020-12-16,1963.84,1996.4,1963.84,1985.26,34099333
2020-12-17,1997.91,2014.44,1949.99,1975.76,43583349
2020-12-18,1981.62,1983.94,1947.14,1952.54,61279348
2020-12-21,1929.14,1935.22,1851.23,1888.8,39620662
2020-12-22,1896.48,1931.66,1896.29,1928.4,19823032
2020-12-23,1934.03,1958.16,1927.07,1955.84,18891251
2020-12-28,1969.45,2005.62,1969.45,2004.41,24154610
2020-12-29,2015.02,2033.03,2002.58,2016.01,19087767
2020-12-30,2019.48,2019.48,1982.15,1983.98,24178229
2021-01-04,1994.28,2020.04,1991.46,2008.75,29391914
2021-01-05,2004.64,2031.72,1994.13,2009.12,29859492
2021-01-07,2040.48,2074.11,2028.43,2074.11,38310140
2021-01-08,2080.5,2095.67,2060.2,2072.74,42476821
2021-01-11,2067.33,2100.33,2043.05,2066.97,30637504
2021-01-12,2073.81,2086.11,2026.96,2043.73,25292386
2021-01-13,2050.24,2058.87,2009.42,2023.36,38715146
2021-01-14,2023.83,2037.57,2019.66,2031.71,25101624
2021-01-15,2026.35,2031.08,1969.41,1985.68,31251321
2021-01-18,1985.59,2023.74,1970.06,2023.74,32644709
2021-01-19,2034.26,2047.11,1980.12,1980.12,32703284
2021-01-20,1983.49,1998.43,1960.82,1986.09,26554080
2021-01-21,1997.58,2007.64,1948.97,1953.49,25603661
2021-01-22,1945.01,1965.14,1934.61,1952.67,21137609
2021-01-25,1961.37,1966.76,1927.45,1945.78,22893278
2021-01-26,1936.78,1988.24,1932.69,1981.98,28113053
2021-01-27,1981.07,1998.12,1916.09,1929.21,40978113
2021-01-28,1913.71,1992.75,1885.24,1987.83,37513695
2021-01-29,1965.76,1985.52,1938.85,1948.01,37304929
2021-02-01,1960.96,1975.94,1945.82,1967.72,23103200
2021-02-02,1973.17,1981.43,1942.6,1954.02,24581125
2021-02-03,1961.77,1973.74,1934.98,1940.69,24774710
2021-02-04,1945.6,1961.12,1924.95,1927.02,20882741
2021-02-05,1937.72,1971.28,1934.96,1957.73,19158536
2021-02-08,1970.16,1975.67,1948.48,1952.1,21296631
2021-02-09,1954.67,1958.14,1935.49,1941.6,18996916
2021-02-10,1947.63,1954.36,1910.15,1917.54,18762570
2021-02-11,1922.62,1961.69,1922.62,1954.92,19738332
2021-02-12,1951.43,1953.69,1919.72,1937.07,15010320
2021-02-15,1946.97,1980.77,1946.97,1974.82,16077432
2021-02-16,1977.89,2022.16,1976.58,2004.54,32788225
2021-02-17,2005.98,2008.2,1980.26,1986.8,28844185
2021-02-18,1990.16,2020.46,1978.88,1980.77,34651110
2021-02-19,1985.99,1998.69,1971.8,1985.31,28897488
2021-02-22,1978.7,1978.7,1958.36,1961.62,23606217
2021-02-23,1969.01,1976.38,1896.36,1922.59,31468184
2021-02-24,1926.18,1954.22,1924.64,1937.9,27510835
2021-02-25,1955.61,1967.63,1936.13,1936.47,32921467
2021-02-26,1912.25,1928.9,1888.55,1907.28,54393669
2021-03-01,1925.94,1950.47,1917.58,1949.57,29771537
2021-03-02,1947.45,1969.69,1938.13,1959.52,28968252
2021-03-03,1963.17,1989.78,1936.22,1943.24,29320923
2021-03-04,1935.36,1951.02,1914.5,1944.86,28794383
2021-03-05,1940.32,1952.97,1927.59,1939.59,28372033
2021-03-08,1950.85,1968.14,1944.49,1965.25,26761610
2021-03-09,1966.81,2010.33,1962.85,1994.18,36782773
2021-03-10,1997.63,2017.62,1997.63,2003.55,31707267
2021-03-11,2012.36,2020.76,1983.64,1994.38,24282633
2021-03-12,1993.99,2012.91,1983.11,2006.11,19551862
2021-03-15,2012.38,2029.17,1997.76,2001.24,19977025
2021-03-16,2005.15,2012.84,1977.17,1981.41,23579214
2021-03-17,1976.47,1976.47,1912.98,1939.01,68185874
2021-03-18,1941.91,1966.9,1938.05,1960.75,30624111
2021-03-19,1950.51,1954.88,1925.51,1927.56,68167135
2021-03-22,1921.5,1949.37,1921.5,1929.12,36853145
2021-03-23,1933.56,1934.37,1905.9,1923.55,22752449
2021-03-24,1910.28,1910.73,1888.36,1899.95,29081150
2021-03-25,1901.84,1911.57,1868.06,1876.85,31149337
2021-03-26,1891.11,1925.48,1887.67,1918.71,21565125
2021-03-29,1922.29,1955.75,1922.29,1953.02,25516439
2021-03-30,1963.34,1969.48,1935.9,1942.32,20454418
2021-03-31,1949,1954.4,1927.77,1938.84,30610955
2021-04-01,1942.53,1959.19,1937.14,1954.38,28609547
2021-04-06,1965.18,2012.87,1965.18,2012.87,32044519
2021-04-07,2012.08,2012.08,1990.15,1998.73,24860675
2021-04-08,2004.55,2006.99,1971.26,1980.32,25515138
2021-04-09,1981.23,1987.55,1964.05,1975.11,40173617
2021-04-12,1975.05,1983.85,1961.61,1982.58,54894971
2021-04-13,1983.4,1991.19,1967.7,1974.73,27867868
2021-04-14,1986.19,2011.96,1986.19,2011.96,28771239
2021-04-15,2015.11,2024.65,2002.04,2019.29,24157915
2021-04-16,2019.5,2026.55,2001.71,2012.27,27393764
2021-04-19,2016.04,2039.72,1994.85,1998.99,28602378
2021-04-20,2001.93,2013.61,1983.45,1987.76,26617959
2021-04-21,1987.94,1988.36,1968.98,1982.4,24041767
2021-04-22,1986.54,2004.64,1986.54,1989.73,19124940
2021-04-23,1990.18,1990.8,1961.71,1986.63,25703721
2021-04-26,1994.54,2005.1,1978.87,2005.1,18115877
2021-04-27,2006.17,2013.57,1996.4,1998.92,19353337
2021-04-28,2000.4,2033.79,2000.18,2029.64,43348305
2021-04-29,2043.59,2081.94,2040.02,2050.69,47082277
2021-04-30,2061,2065.47,2037.2,2037.59,26433739
2021-05-04,2046.24,2046.24,1999.81,2004.04,24344348
2021-05-05,2015.97,2052.17,2014.52,2047.36,21524165
2021-05-06,2053.2,2076.8,2040.4,2046.67,26381173
2021-05-07,2061.36,2099.19,2061.36,2097.31,25894358
2021-05-10,2115.79,2142.57,2108.34,2115.7,25939816
2021-05-11,2108.43,2116.51,2078.1,2110.48,46957921
2021-05-12,2112.89,2123.47,2084.77,2091.39,26482981
2021-05-13,2083.41,2095.86,2049.81,2089.32,32197745
2021-05-14,2096.96,2103.3,2062.64,2092.8,23112476
2021-05-17,2102.62,2129.99,2102.62,2128.49,22925971
2021-05-18,2142.32,2154.13,2132.83,2136.54,28209944
2021-05-19,2123.9,2129.88,2107.33,2115.15,26382848
2021-05-20,2121.01,2134.93,2100.73,2131.18,32573106
2021-05-21,2130.95,2149.09,2126.3,2139.06,29825932
2021-05-24,2138.36,2139.33,2127.3,2134.18,19811702
2021-05-25,2144,2157.82,2131.94,2153.78,28525966
2021-05-26,2156.44,2172.5,2143.24,2164.89,33872897
2021-05-27,2167.52,2208.23,2165.53,2207.47,45274348
2021-05-28,2210.53,2237.01,2210.53,2236.31,27207857
2021-05-31,2237.25,2250.45,2227.27,2233.36,16710681
2021-06-01,2234.87,2268.18,2226.59,2233.37,23316200
2021-06-02,2234.69,2253.32,2233.99,2252.26,24449542
2021-06-04,2252.84,2261.39,2230.69,2254.59,25159845
2021-06-07,2254.62,2273.28,2245.49,2246.63,21167875
2021-06-08,2241.03,2247.11,2223.2,2237.61,25075401
2021-06-09,2239.73,2245.08,2215.18,2218.45,21212349
2021-06-10,2217.7,2242.7,2210.07,2236.89,22443207
2021-06-11,2238.75,2239.3,2224.15,2224.67,17318263
2021-06-14,2229.99,2253.2,2228.81,2253.2,12595787
2021-06-15,2262.55,2269.21,2230.1,2230.37,22220763
2021-06-16,2232.65,2244.07,2225.14,2225.27,24201593
2021-06-17,2215.45,2221.62,2204.74,2211.58,23153328
2021-06-18,2208.65,2224.42,2203.47,2220.68,50664709
2021-06-21,2210.86,2223.35,2189.24,2219.45,13477870
2021-06-22,2226.22,2234.65,2204.52,2220.53,17203459
2021-06-23,2222.93,2238.66,2217.36,2233.7,12351867
2021-06-24,2237.56,2276.77,2233.03,2273.11,21554467
2021-06-25,2271.93,2291.37,2269.55,2282.46,18348780
2021-06-28,2280.67,2293.02,2260.4,2285.81,14426441
2021-06-29,2281.71,2283.15,2251.62,2258.24,20798623
2021-06-30,2257.62,2264.36,2218.41,2218.41,30173446
2021-07-01,2223.84,2255.33,2223.84,2250.58,26314023
2021-07-02,2258.56,2269.4,2249.91,2252.18,15005220
2021-07-05,2255.07,2264.33,2254.01,2258.82,11132054
2021-07-06,2262.83,2268.55,2228.46,2228.46,15379686
2021-07-07,2234.52,2292.49,2234.52,2285.79,24212292
2021-07-08,2280.62,2280.62,2230.62,2234.6,23271241
2021-07-09,2241.61,2258.77,2233.98,2251.78,14565701
2021-07-12,2253.56,2262.35,2244.1,2255.48,17277109
2021-07-13,2259,2279.4,2258.36,2264.26,16105173
2021-07-14,2266.88,2280.19,2262.99,2268.57,17337649
2021-07-15,2268.01,2281.76,2255.35,2260.49,15890564
2021-07-16,2260.8,2272.02,2253.48,2258.1,13641051
2021-07-19,2254.48,2254.48,2196.01,2205.86,19846274
2021-07-20,2210.63,2223.97,2198.29,2221.28,17111977
2021-07-21,2215.48,2254.33,2215.48,2241.97,17379197
2021-07-22,2247.69,2252.95,2226.21,2229.86,10955990
2021-07-23,2234.32,2243.32,2232.83,2242.41,15031889
2021-07-26,2249.57,2250.75,2221.14,2240.65,12551639
2021-07-27,2241.05,2241.05,2214.24,2224.59,10721069
2021-07-28,2223.2,2249.22,2217.76,2245.76,13816872
2021-07-29,2257.08,2268.3,2257.08,2265.69,16331619
2021-07-30,2254.07,2258.76,2244.23,2253.45,22442567
2021-08-02,2261.61,2266.44,2248.02,2253.28,11744901
2021-08-03,2261.94,2272.82,2249.63,2257.73,15649057
2021-08-04,2262.05,2280.65,2261.6,2272.09,12490010
2021-08-05,2270.83,2275.58,2259.76,2270.67,15519749
2021-08-06,2272.53,2276,2255.61,2273.89,14713184
2021-08-09,2271.56,2279.9,2267.14,2274.48,10389346
2021-08-10,2275.63,2284.79,2268.38,2277.23,12813345
2021-08-11,2272.93,2283.69,2261.47,2283.69,16177824
2021-08-12,2281.08,2297.72,2277.19,2297.72,16571243
2021-08-13,2298.99,2302.1,2290.22,2302.03,11448729
2021-08-16,2289.95,2297.14,2280.31,2282.1,10658701
2021-08-17,2282.7,2300.04,2279.19,2300.04,15600846
2021-08-18,2300.19,2301.58,2275.03,2284.97,13451422
2021-08-19,2270.18,2270.95,2240.78,2260.02,19682281
2021-08-20,2263.51,2263.51,2247.35,2255.56,14205373
2021-08-23,2264.45,2290.92,2264.45,2287.52,21319939
2021-08-24,2293.79,2300.9,2282.35,2300.9,15731511
2021-08-25,2297.64,2325.19,2291.03,2325.19,13890857
2021-08-26,2321.75,2326.62,2307.66,2309.44,10053150
2021-08-27,2310.63,2323.77,2295.89,2323.77,11842111
2021-08-30,2324.67,2350.93,2324.67,2350.23,13726563
2021-08-31,2347.73,2379.63,2347.73,2368.03,30995839
2021-09-01,2367.66,2387.46,2367.66,2371.16,17987921
2021-09-02,2375.04,2391.94,2363.26,2391.94,18960025
2021-09-03,2392.26,2393.71,2370.71,2380.82,14360842
2021-09-06,2379.29,2416.38,2379.29,2416.38,13169381
2021-09-07,2409.03,2409.1,2388.22,2394.79,14663792
2021-09-08,2390.92,2390.92,2361.41,2364.63,20545556
2021-09-09,2356.6,2361.31,2341.53,2356.39,14503413
2021-09-10,2357.98,2377.01,2357.98,2360.7,16228628
2021-09-13,2365.69,2387.74,2362.83,2387.74,19139286
2021-09-14,2367.42,2381.69,2356.63,2376.01,24377771
2021-09-15,2365.73,2368.41,2348.33,2355.23,27747030
2021-09-16,2351.2,2367.65,2347.03,2357.28,24989579
2021-09-17,2356.48,2359.97,2326.12,2333.01,41813166
2021-09-20,2316.96,2316.96,2259.28,2272.52,29449472
2021-09-21,2271.99,2302.02,2271.94,2278.11,19638093
2021-09-22,2295.39,2335.18,2295.39,2334.1,16127336
2021-09-23,2345.99,2353.45,2315.2,2320.51,20174682
2021-09-24,2323.41,2326.78,2295.88,2299.18,19267646
2021-09-27,2308.17,2314.8,2285.15,2292.47,19100996
2021-09-28,2289.15,2298.68,2270.88,2275.68,18883243
2021-09-29,2277.48,2299.84,2271.6,2290.97,14394570
2021-09-30,2299.33,2314.35,2294.48,2310.29,31180804
2021-10-01,2299.01,2332.78,2284.34,2327.88,20388107
2021-10-04,2325.08,2360.69,2306.16,2338.09,25600481
2021-10-05,2338.92,2365.14,2320.67,2364.72,19716260
2021-10-06,2365.2,2365.2,2329.59,2349.46,27548041
2021-10-07,2353.18,2365.41,2334.37,2359.54,23404742
2021-10-08,2360.56,2415.15,2360.56,2411.12,30327382
2021-10-11,2413.12,2457.36,2409.01,2457.36,24018999
2021-10-12,2449.09,2478.55,2429.66,2472.33,41697156
2021-10-13,2471.12,2473.93,2439.48,2451.89,36421921
2021-10-14,2455.6,2473.32,2447.11,2459.5,35861076
2021-10-15,2459.71,2461.17,2438.38,2453.98,29698253
2021-10-18,2458.45,2474.44,2452.44,2459.81,17268301
2021-10-19,2461.73,2472.34,2438.14,2447.54,21855682
2021-10-20,2447.07,2453.57,2432.33,2443.11,22261931
2021-10-21,2433.75,2433.75,2418.23,2427.35,18086091
2021-10-22,2425.02,2436.87,2412.57,2417.09,16121524
2021-10-25,2415.52,2430.62,2415.52,2427.19,16544470
2021-10-26,2429.41,2442.53,2417.03,2425.29,19904199
2021-10-27,2423.22,2423.22,2389.35,2404.82,22421853
2021-10-28,2405.47,2411.6,2391.93,2392.67,23662933
2021-10-29,2390.05,2421.65,2377.84,2405.05,28465126
2021-11-02,2411.73,2421.09,2388.14,2407.53,30287273
2021-11-03,2411.54,2428.52,2370.99,2380.11,23049938
2021-11-04,2386.85,2441.93,2386.85,2438.8,28526219
2021-11-05,2439.09,2443.77,2419.57,2439.16,23566941
2021-11-08,2444.16,2449.64,2417.29,2423.92,19323862
2021-11-09,2420.42,2423.89,2393.2,2395.05,24497918
2021-11-10,2393.48,2407.83,2355.75,2366.59,25126969
2021-11-12,2372.28,2390.77,2358.23,2358.23,28816948
2021-11-15,2358.49,2384.74,2335.04,2335.04,27794225
2021-11-16,2336.33,2350.13,2333.66,2340.03,22247198
2021-11-17,2346.41,2354.67,2312.13,2317.49,22134015
2021-11-18,2316.9,2316.9,2258.9,2271.31,28223399
2021-11-19,2271.91,2286.37,2221.68,2248.18,34661095
2021-11-22,2251.08,2262.74,2237.64,2247.82,25598302
2021-11-23,2245.04,2268.99,2223.71,2261.15,24009689
2021-11-24,2268.15,2275.74,2230.01,2239.75,20339805
2021-11-25,2244.79,2247.36,2218.45,2229.44,18898128
2021-11-26,2193.9,2193.9,2138.75,2143.13,39403548
2021-11-29,2148.59,2168.81,2120.23,2148.62,31737586
2021-11-30,2133.69,2199.73,2118.81,2194.37,72231286
2021-12-01,2205.85,2229.12,2193.19,2217.18,31391910
2021-12-02,2208.07,2208.07,2179.15,2201.86,28358291
2021-12-03,2209.95,2223.51,2176.74,2179.71,29597003
2021-12-06,2184.6,2199.87,2175.93,2190.67,20254665
2021-12-07,2201.86,2237.32,2201.86,2231.12,32334634
2021-12-08,2234.64,2244.71,2214.4,2219.62,24245574
2021-12-09,2214.59,2237.73,2184.35,2212.81,27976068
2021-12-10,2212.19,2226.15,2203.22,2213.78,13692707
2021-12-13,2216.22,2244.59,2205.11,2214.38,23526300
2021-12-14,2217.45,2226.58,2197.46,2211.81,25761398
2021-12-15,2211.49,2211.49,2153.69,2161.04,25835534
2021-12-16,2177.87,2216.95,2177.87,2213.89,30877496
2021-12-17,2206.89,2208.54,2183.83,2194.56,62804298
2021-12-20,2168.37,2193.18,2144.3,2189.91,23432593
2021-12-21,2193.98,2206.73,2185.27,2185.47,18662942
2021-12-22,2190.04,2212.32,2186.67,2212.32,14594354
2021-12-23,2215.19,2228.64,2213.67,2225.8,18946170
2021-12-27,2226.82,2232.08,2210.9,2226.24,15662353
2021-12-28,2222.54,2252.43,2219.1,2252.43,23308065
2021-12-29,2245.28,2263.76,2242.8,2260.7,17264000
2021-12-30,2263.39,2266.92,2247.73,2266.92,16099938
2022-01-03,2272.18,2302.11,2272.18,2286.5,19199478
2022-01-04,2293.18,2301.76,2281.04,2300.68,22490984
2022-01-05,2296.7,2310.97,2283.63,2310.97,23373146
2022-01-07,2309.61,2314.16,2278.63,2311.93,29717898
2022-01-10,2311.34,2328.41,2289.59,2291.23,22612381
2022-01-11,2300.38,2345.44,2296.03,2344.45,30819446
2022-01-12,2350.99,2411.11,2350.99,2411.11,46032724
2022-01-13,2406.83,2429.03,2397.64,2407.62,36970690
2022-01-14,2402.92,2413.59,2370.11,2383.16,25178257
2022-01-17,2378.9,2387.33,2359.3,2365.29,21176576
2022-01-18,2361.68,2361.68,2317.23,2317.36,18960400
2022-01-19,2304.66,2337.74,2291.46,2316.94,49751038
2022-01-20,2321.6,2331.17,2299.73,2308.94,26137023
2022-01-21,2298.12,2298.12,2257.71,2273.81,26128033
2022-01-24,2270.73,2282.96,2153.81,2170.36,36076252
2022-01-25,2170.85,2214.87,2170.45,2199.6,30000323
2022-01-26,2204.53,2245.72,2204.53,2233.18,22167053
2022-01-27,2218.18,2241.77,2197.75,2234.33,23453415
2022-01-28,2232.26,2232.26,2167.61,2183.7,31306719
2022-01-31,2198.34,2218.58,2191.24,2209.62,30045742
2022-02-01,2219.99,2238.58,2210.41,2224.28,17504732
2022-02-02,2229.44,2262.18,2221.3,2252.92,29148730
2022-02-03,2249.4,2250.75,2225.26,2235.15,34103265
2022-02-04,2239.14,2242.69,2174.57,2174.57,25596861
2022-02-07,2181.87,2201.4,2149.25,2171.62,22236994
2022-02-08,2176,2215.12,2171.41,2215.12,24286851
2022-02-09,2220.47,2236.48,2216.91,2235.93,25305849
2022-02-10,2235.91,2244.73,2201.11,2213.21,17315981
2022-02-11,2203.02,2203.52,2172.72,2203.13,17730754
2022-02-14,2154.92,2172.61,2119.71,2161.79,27764279
2022-02-15,2170.43,2222.01,2170.43,2209.7,22095447
2022-02-16,2224.29,2246.54,2201.69,2212.73,22236495
2022-02-17,2215.9,2218.3,2168.46,2175.61,22293179
2022-02-18,2172.08,2188.88,2143.28,2143.28,17809904
2022-02-21,2149.19,2162.8,2059.49,2069.53,21359833
2022-02-22,2038.58,2106.97,2010.54,2101.31,37638697
2022-02-23,2110.35,2129.52,2038.99,2038.99,28617300
2022-02-24,1929.14,1929.14,1781.02,1817.45,78798629
2022-02-25,1850.34,1993.78,1850.34,1970.78,51008657
2022-02-28,1937.89,2010.06,1890.33,1999.88,77832182
2022-03-01,2006.15,2050.89,1964.71,1967.01,56777151
2022-03-02,1966.4,2043.96,1954.93,2043.96,75617073
2022-03-03,2053.82,2068.52,2005.47,2009.56,71579870
2022-03-04,2000.16,2000.16,1894.88,1918.75,53300653
2022-03-07,1898.74,1956.36,1860.1,1934.94,86731087
2022-03-08,1922.98,1971.77,1899.22,1908.1,45469938
2022-03-09,1937.96,1981.13,1933.67,1973.25,43610933
2022-03-10,1983.05,1992.24,1950.24,1970.27,36313002
2022-03-11,1983.15,2045.15,1983.15,2033.49,37212037
2022-03-14,2038.11,2038.11,1972.14,1972.14,30396993
2022-03-15,1968.78,2018.37,1950.63,1999.93,30434572
2022-03-16,2018.99,2067.13,2018.99,2060.07,44616127
2022-03-17,2070.66,2125.29,2070.66,2125.29,40720750
2022-03-18,2122.59,2137.12,2088.08,2099.26,77177033
2022-03-21,2098.58,2125.13,2082.38,2093.04,29748142
2022-03-22,2096.64,2125.06,2096.5,2121.52,26063336
2022-03-23,2129.62,2148.04,2103.09,2120.86,17607377
2022-03-24,2130.03,2154.29,2112.6,2138.8,27066677
2022-03-25,2142.22,2147.17,2098.97,2115.58,22949123
